Day,High Maximum,,Low Maximum,,High Minimum,,Low Minimum,,Day,MedianHigh,10thPercentileHigh,25thPercentileHigh,75thPercentileHigh,90thPercentileHigh,MedianLow,10thPercentileLow,25thPercentileLow,75thPercentileLow,90thPercentileLow
1,30.0,1884*,7.2,1943,16.1,1956,-3.9,1883,1,19.4,12.3,16.1,22.5,26.4,7.8,2.0,4.8,10.1,12.0
2,32.2,1970,7.2,1910,16.2,2021,-1.1,1939,2,20.0,13.3,16.1,23.3,26.5,7.8,2.8,5.0,10.0,12.2
3,34.4,1970,7.2,1925,16.1,2021,-2.8,1887,3,20.6,14.4,17.8,23.8,26.4,7.8,1.8,4.4,9.9,12.0
4,33.9,1961,7.8,1884,16.7,1948,-3.9,1887,4,21.1,13.6,16.7,23.8,26.5,7.9,2.2,4.4,10.5,12.5
5,33.3,1961,8.3,1901,16.3,2004,-3.3,1887,5,20.1,13.4,17.3,23.8,26.1,7.8,3.2,5.6,10.0,12.2
6,32.2,1961,7.8,1922,16.9,2015,-3.9,1887,6,20.0,13.5,16.7,22.8,25.6,7.9,3.3,4.6,10.0,12.0
7,32.8,1977,8.4,2019,19.4,1961,-2.2,1922,7,19.4,14.4,16.8,22.2,27.0,7.8,2.2,5.0,10.4,12.6
8,30.0,1929,8.9,1957,17.0,2017,0.0,1895,8,20.6,14.2,17.8,23.1,25.6,7.9,4.1,5.6,10.0,12.3
9,30.8,2023,10.6,1947,16.5,2023,-1.7,1924,9,20.6,14.6,17.8,23.7,26.1,7.8,3.3,5.7,9.7,11.8
10,30.0,1923,7.2,1967,16.9,2023,-1.1,1926,10,20.9,14.2,17.7,23.9,26.0,8.0,3.9,5.7,10.6,11.7
11,34.4,1910,8.3,2000,17.8,1965,1.1,1933,11,21.1,15.0,17.4,24.4,26.7,8.6,4.0,6.1,10.1,12.2
12,31.1,1912,11.1,1898,15.5,2023,0.6,1969,12,20.6,15.4,18.3,23.9,27.3,8.5,3.9,6.1,10.6,12.6
13,31.9,2023,10.0,1930,15.8,2019,-3.3,1898,13,21.1,15.0,18.0,23.3,26.1,8.6,3.9,6.1,11.7,13.1
14,32.2,1933,9.1,1994,15.9,2006,0.0,1915,14,20.6,15.6,18.2,23.3,25.0,9.2,4.6,6.7,11.1,12.3
15,30.6,1961,11.3,1994,17.0,1983,1.1,1915,15,20.8,15.5,17.8,23.9,26.7,8.9,4.4,7.2,10.8,12.7
16,30.6,1885,9.4,1942,15.6,1974,3.3,1893*,16,20.8,15.2,17.8,24.6,27.2,8.9,5.6,6.7,11.2,12.8
17,30.6,1969,10.0,1902,15.9,1983,1.7,1932,17,20.8,15.3,17.8,23.9,26.1,9.4,4.4,7.2,11.0,12.7
18,31.7,1898,9.7,1996,17.0,2003,0.0,1902,18,21.1,15.2,18.3,23.9,26.7,8.9,4.4,6.7,11.1,12.4
19,34.4,1898,10.3,1996,18.3,1898,0.6,1924,19,21.5,15.3,18.3,23.9,26.5,8.9,5.0,6.8,10.6,12.5
20,31.7,1919,11.1,2023,16.1,1919*,-1.1,1931,20,21.1,15.0,18.3,23.9,26.5,8.9,5.2,7.0,11.0,12.4
21,33.3,1970,11.1,1908,17.8,1974,0.0,1942,21,21.7,15.0,18.5,24.5,27.8,9.4,5.2,7.2,11.1,13.1
22,31.7,1973,10.2,2003,18.3,1919,-0.6,1924,22,21.1,15.6,18.9,24.7,27.2,9.6,5.0,7.2,11.9,13.9
23,33.3,1936,9.4,1934,17.9,2002,1.1,1905,23,21.5,15.0,17.8,24.4,27.2,9.4,5.0,6.7,11.4,14.2
24,30.0,1936,11.3,1985,16.8,2002,-1.7,1905,24,21.2,16.1,18.3,23.9,26.7,9.4,5.0,6.8,11.7,13.3
25,30.0,1912,12.8,1884,17.6,2021,-2.2,1887,25,21.7,16.0,18.3,24.4,26.6,10.0,5.6,7.8,12.1,13.8
26,34.9,2002,7.8,1951,18.4,2021,2.2,1949,26,21.7,15.6,19.4,24.7,27.9,10.0,6.2,7.8,12.1,13.5
27,33.3,2002,8.3,1908,20.2,2002,2.8,1946*,27,22.2,15.9,19.4,25.0,27.0,10.0,6.1,7.8,12.2,14.4
28,34.2,2021,12.2,1965,19.3,2021,2.2,1946,28,22.2,16.7,20.0,24.9,28.2,10.0,5.6,7.4,12.2,13.8
29,37.2,1937,10.6,1968,20.3,2021,3.3,1888*,29,22.2,17.2,19.7,25.0,28.0,10.2,6.1,8.3,12.2,14.0
30,37.0,2021,10.6,1931,22.8,2021,0.0,1884,30,22.1,16.9,20.0,24.1,26.6,10.6,7.2,8.9,12.5,14.6